<?xml version="1.0" encoding="UTF-8"?>
<project-private xmlns="http://www.netbeans.org/ns/project-private/1">
    <editor-bookmarks xmlns="http://www.netbeans.org/ns/editor-bookmarks/2" lastBookmarkId="0"/>
    <open-files xmlns="http://www.netbeans.org/ns/projectui-open-files/2">
        <group>
            <file>file:/C:/Users/Mubariz/Desktop/SoftwarePrject/src/osi/OSI.java</file>
            <file>file:/C:/Users/Mubariz/Desktop/SoftwarePrject/src/osi/Physical.java</file>
            <file>file:/C:/Users/Mubariz/Desktop/SoftwarePrject/src/osi/Application.java</file>
            <file>file:/C:/Users/Mubariz/Desktop/SoftwarePrject/src/osi/Chain.java</file>
            <file>file:/C:/Users/Mubariz/Desktop/SoftwarePrject/src/osi/DataLink.java</file>
        </group>
    </open-files>
</project-private>
